image,Analysis Results,flag,username,timestamp
E:\greenpulse\ui\flagged\image\c89348d10e1fae7d7953e5fdb64c7a0b77980cde\tmpx22iu4pk.jpg,"'
Plant: Tomato
Disease: Target Spot

Description:
{
    ""description"": ""Target Spot is a common fungal disease that affects tomato plants. It is characterized by small, circular, brown to black lesions on the leaves, which often have a light-colored target-like appearance due to the presence of concentric rings. These lesions can coalesce, leading to large areas of leaf necrosis and reduced plant vigor."",

    ""pesticides"": ""The use of fungicides is recommended for the management of Target Spot. Common fungicides used include chlorothalonil, mancozeb, and copper-based products. Always follow the manufacturer's instructions for safe use and application."",

    ""timing"": ""Pesticides should be applied preventively, before the onset of the disease, and regularly throughout the growing season, especially during periods of high humidity and rainfall. Aim for a spray schedule of every 7 to 14 days under favorable disease conditions."",

    ""prevention"": ""Prevention measures include:
    1. Cultivating resistant tomato varieties, as some varieties are naturally more resistant to Target Spot.
    2. Improving air circulation around the plants by spacing them properly and pruning the foliage.
    3. Practicing crop rotation, as this can help reduce the buildup of the pathogen in the soil.
    4. Using drip irrigation instead of overhead watering to minimize leaf wetness and decrease disease spread.""
}

Recommended Treatments:
Please check the description for pesticide information

Application Timing:
Please check the description for timing information

Prevention Measures:
Please check the description for prevention measures
",,,2025-05-04 15:40:44.358245
E:\greenpulse\ui\flagged\image\d1e9ce822b2035d225ab0da58cd6f786d0d0d03c\tmplenivq46.jpg,"'
Plant: Tomato
Disease: Target Spot

Description:
{
    ""description"": ""Target Spot is a fungal disease that affects tomato plants, primarily under cool and humid conditions. The disease is characterized by the appearance of small, round, brown lesions on the lower leaves of the plant. These lesions often have a bullseye pattern, which gives the disease its name. If left unchecked, Target Spot can cause significant yield loss and plant decline."",

    ""pesticides"": ""The most effective pesticides for controlling Target Spot are fungicides such as chlorothalonil, mancozeb, and copper-based fungicides. These fungicides are systemic and can provide protection for several weeks after application."",

    ""timing"": ""Pesticide application should be initiated as soon as signs of the disease appear. A regular application schedule should be followed, with applications every 7-14 days, depending on the product label and environmental conditions."",

    ""prevention"": ""Prevention measures include the following:
    1. Planting resistant tomato varieties, if available.
    2. Practicing crop rotation, as this can help prevent the buildup of the fungal pathogen in the soil.
    3. Maintaining good air circulation around the plants to reduce humidity and prevent the spread of the disease.
    4. Irrigating the plants at the base to keep the leaves dry, as wet leaves are more susceptible to infection.
    5. Removing and destroying infected plant material to prevent the spread of the disease.""
}

Recommended Treatments:
Please check the description for pesticide information

Application Timing:
Please check the description for timing information

Prevention Measures:
Please check the description for prevention measures
",,,2025-05-04 20:02:50.478412
